product name,quantity,
Rays ,9 pcs,
Scotch Tape 2 Baga Light,6pcs,
Scotch Tape 2 Baga Dark,6pcs,
Scotch Tape 2 Nipis Gamay,18 pcs,
Scotch Tape 1 Light,6pcs,
Nano Tape 3/4 ,7Roll,
Nano Tape 1/2 ,7 Roll,
DOUBLE SIDED JOY 1/2,7 Roll, 
Shades UV 400/ black UVA/UVB,0pcs,
Shades Rybond,7pcs,
Shades 100%,7pcs,
Shades 400 Small,7pcs,
Reading Glass,5pcs,
Nail File Black, 6pcs,
Glue Joy ,8pcs,
Glue Kangna Twin,2set,
Mediplast Band Aid,2box,
Pencil Mongol 2 ,2box,
Dorco Blade ,20 boxes,
PILOT PERMANENT BLACK Marker ,12pcs,
Ballpen Panda Black ,100 pcs,
Sign pen k-03 0.5  Black,12pcs,
Sign pen G-388  0.5 ,12 pcs,
Sign pen G-16 ,12pcs,
Sign pen ipen 16 0.5 ,24 pcs,
CPS (Color) 7.1,21pcs,
CPS (Color) 4.0,10 pcs,
CPS (Color) 10.9,30pcs,
CPS (Color) 0.00,20 pcs,
CPS (Color) 10.0,27 pcs,
Cps  (Color) 9.01,8pcs,
CPS (Color) 6.1,17pcs,
CPS (Color) 8.1,5pcs,
CPS (Color) 6.0,19pcs,
CPS (Color) 9.07 ,10pcs,
CPS (Color) 9.1,10pcs,
CPS (Color) 7.3,12pcs,
CPS (Color) 9.0,20pcs,
CPS (Color) 7.0,31pcs,
CPS (Color) 8.10,0pcs,
CPS (Color) 5.0,15pcs,
CPS (Color) 019,40 pcs,
CPS (Color) 2.0,26 pcs,
CPS (Color) 3.0,25pcs,
CPS (Color) 8.0,29 pcs,
CPS (Color) 10.01,12pcs,
CPS (Color) 10.9,39pcs,
CPS (Color) 10.45,15 pcs,
CPS (Color) 5.88,15 PCS,
CPS (Color) 6.3,13 pcs,
2 Gallon Ranked,0pcs,
Bremod  (color)6.43,10 pcs,
Bremond (Color) 4.0,10 pcs,
Bremond (Color) 6.0,17 pcs,
Bremond (Color) 6.17,10 pcs,
Bremond (Color) 7.0,10pcs,
Bremond (Color) 7.3,13 pcs,
Bremond (Color) 8.45,10pcs,
Bremond (Color) 5.56,15pcs,
Bremond (Color) 7.31,10 pcs,
Bremod  (color)7.4,12 pcs,
Bremond (Color) 0.22,10 pcs,
Bremond (Color) 6.1,36 pcs,
Bremod  (color)10.61,39 pcs,
 Bremod (Color) 12.22,10 pcs,
Bremond (Color) 5.0,10pcs,
Bremod   (Color)6.5,14 pcs,
Bremod (color) 10.01,1pcs,
Bremond (Color) 8.0,20 pcs,
Bremond (Color) 0.00, 10  pcs ,
Bremod (Color) 3.0 , 10  pcs ,
Bremond (Color) 0.19, 10  pcs ,
Bremod  (Color)12.88, 10  pcs ,
Bremond (Color) 7.56,25pcs,
Bremond (Color) 9.01,10 pcs,
Bremod (Color) 6.3,4 pcs,
Bremod (Color) 0.33 ,10 pcs,
Bremod (Color) 4.5,13pcs,
Bremod (Color) 2.0 ,3pcs,
Bremod (Color) 5.17 ,11pcs,
Bremod (Color) 9.0,10 pcs,
Bremod (Color) 10.0,9pcs,
Bremond (Color) 0.45,13 pcs,
Bremond (Color) 0.88,11pcs,
Bremod (Color) 5.4,13pcs,
Bremod (Color) 7.1,20 pcs,
Bremod (Color) 44.77 ,2pcs,
Bremod (Color) 0.77,3pcs,
Bremod (Color) 7.5,3pcs,
Bremod (Color) 7.7 ,17 pcs,
Bremod (Color) 7.17 ,11pcs,
Bremod (Color) 7.37,19pcs,
Bremod (Color) 7.77 ,13 pcs,
Fusion (Color) 0.11,20 pcs,
Fusion (Color) 9.11,24 pcs,
Fusion (Color) 5.0,15 pcs,
Fusion (Color) 6.75,2pcs,
Fusion (Color) 8.0,12 pcs,
Fusion (Color) 9.0,12pcs,
Fusion (Color) 9.16,12pcs,
Fusion (Color) 12.11,12pcs,
Fusion (Color) 0.00,12pcs,
Fusion (Color) 3.0,12pcs,
Fusion (Color) 4.0,12pcs,
Fusion (Color) 0.33,6pcs,
Lightness Milk Rebonding 1.250 ml ,6pcs,
Pogada cold wave lotion 120 ml ,2pcs,
Ethyl Acohol 70% ,1 Gallon,
1 Galloon Hair Shampoo bellamies,2 Gallon,
500 ml kerabond brazilian botox mild,14 pcs,
Geisha white 65g ,2pack,
Beauty Vault premium REJUV SET,18 pcs,
Hamisan rejuvinating set,9 pcs,
Fairy Skin DERMA FACIAL KIT SET,6pcs,
Beauty Vault Whitening MAINTENANCE,5pcs,
Habibi Skin Glowing Rejuv,2pcs,
Amazing Beauty Premium Rejuv,4pcs,
Pink Glam Set, 2pcs,
Hikari Skin Rejuv,6pcs,
Habibi skin rejuvinating set,2pcs,
Beauty Love Skin Essentials,8pcs,
Yasuy Beauty Day Cream,4pcs,
Beauty Vault Tinted Sunblock Cream 50GRMS,1pcs,
Brilliant Hair Serum Luster/Shine 25mL,1pcs,
Brilliant Sunscreen Gel Cream 13g,7pcs,
Beauty Milk Collagen,2pcs,
Fit Gum Collagen Chia Coffee Mix,3pcs,
Lucky Talcum Powder ,6pcs,
Brilliant Sunscreen Gel Cream 50g,2pcs,
Love Skin Perfection Sunscreen,10 pcs,
BS Skin Essentials Rejuv Set,3pcs,
SY Glow Triple Whitening 200mL,3pcs,
SY GLOW FAST WHITE SOAP,6pcs,
SY Glow 24k Soap,3pcs,
Beauty Smoothie Avocado ,1pcs,
Kiffy Fied,3pcs,
Habibi skin issential babad soap,1pcs,
A Bonne Collagen 500mL,2pcs,
A Bonne Miracle spa tomatoe,3pcs,
Negra gluta papaya Soap,6pcs,
